"last_name, first_name",year,home_run,k_percent,barrel_batted_rate,hard_hit_percent,lack_of_run_support,p_unearned_run
"Adleman, Tim",2017,29,20.3,7.9,32.7,False,4
"Alcantara, Sandy",2019,23,18.0,6.5,34.3,True,9
"Alcantara, Sandy",2021,21,24.0,6.1,39.4,True,12
"Alcantara, Sandy",2022,16,23.4,5.3,38.5,False,9
"Alcantara, Sandy",2023,22,19.8,7.0,40.6,False,6
"Allard, Kolby",2021,29,19.5,10.6,39.0,False,5
"Allen, Logan",2023,16,22.2,7.6,39.1,True,2
"Alzolay, Adbert",2021,25,24.7,9.9,38.1,False,2
"Anderson, Brett",2015,18,15.5,4.1,32.9,True,8
"Anderson, Brett",2019,20,12.1,7.3,40.0,False,4
"Anderson, Brett",2020,6,15.8,6.4,48.1,False,2
"Anderson, Chase",2015,18,17.3,5.2,31.1,False,2
"Anderson, Chase",2016,28,18.5,8.7,30.0,False,9
"Anderson, Chase",2017,14,23.4,4.4,26.0,False,4
"Anderson, Chase",2018,30,19.9,8.8,30.8,True,2
"Anderson, Chase",2019,23,20.9,6.3,32.9,False,2
"Anderson, Ian",2021,16,23.2,9.5,38.7,False,0
"Anderson, Tyler",2018,30,22.3,5.7,31.4,False,5
"Anderson, Tyler",2020,5,15.8,5.8,31.1,False,3
"Anderson, Tyler",2021,27,19.1,8.5,33.0,False,3
"Anderson, Tyler",2022,14,19.5,4.9,28.5,False,6
"Anderson, Tyler",2023,20,18.9,8.2,32.3,False,5
"Andriese, Matt",2016,17,20.7,7.2,41.2,False,2
"Archer, Chris",2015,19,29.0,4.6,39.1,True,9
"Archer, Chris",2016,30,27.4,8.4,40.5,True,10
"Archer, Chris",2017,27,29.2,5.9,40.2,False,10
"Archer, Chris",2018,19,25.4,6.4,38.7,False,6
"Archer, Chris",2019,25,27.2,10.5,39.5,False,4
"Arrieta, Jake",2015,10,27.1,2.2,24.7,False,7
"Arrieta, Jake",2016,16,23.9,4.8,29.6,False,4
"Arrieta, Jake",2017,23,23.1,5.6,33.3,False,16
"Arrieta, Jake",2018,21,19.1,5.6,31.7,True,17
"Arrieta, Jake",2019,21,18.5,6.8,37.6,False,6
"Arrieta, Jake",2020,6,16.8,7.8,38.3,False,0
"Ashcraft, Graham",2023,23,17.8,6.9,38.9,False,1
"Bailey, Homer",2019,21,21.4,5.7,39.5,False,1
"Barria, Jaime",2018,17,18.2,7.3,33.2,True,1
"Bassitt, Chris",2019,21,23.0,4.9,31.7,False,5
"Bassitt, Chris",2020,6,21.1,5.9,37.4,False,2
"Bassitt, Chris",2021,15,25.0,6.5,33.2,False,0
"Bassitt, Chris",2022,19,22.4,6.6,32.8,False,2
"Bassitt, Chris",2023,28,22.5,8.3,35.3,False,8
"Bauer, Trevor",2015,23,22.8,5.9,33.9,False,1
"Bauer, Trevor",2016,20,20.7,5.7,39.7,False,6
"Bauer, Trevor",2017,25,26.2,7.8,39.2,False,2
"Bauer, Trevor",2018,9,30.8,4.4,29.1,False,8
"Bauer, Trevor",2019,34,27.8,8.6,37.7,False,12
"Bauer, Trevor",2020,9,36.0,6.3,38.0,True,3
"Beede, Tyler",2019,22,21.6,8.4,44.3,False,4
"Bello, Brayan",2023,24,19.8,7.0,44.3,False,3
"Berríos, José",2017,15,22.6,5.0,29.1,False,8
"Berríos, José",2018,25,25.3,6.0,34.4,True,1
"Berríos, José",2019,26,23.2,6.5,32.0,False,12
"Berríos, José",2020,8,25.1,6.3,39.7,True,0
"Berríos, José",2021,22,26.1,9.1,38.3,True,8
"Berríos, José",2022,29,19.8,9.5,43.8,False,3
"Berríos, José",2023,25,23.5,8.6,35.8,True,5
"Bettis, Chad",2015,11,19.5,5.8,31.8,False,2
"Bettis, Chad",2016,22,17.0,5.6,34.9,False,8
"Bettis, Chad",2018,18,15.4,7.3,38.6,False,5
"Biagini, Joe",2017,15,18.8,5.3,31.2,False,7
"Bibee, Tanner",2023,13,24.1,6.1,38.1,False,2
"Bieber, Shane",2019,31,30.2,8.5,43.3,False,8
"Bieber, Shane",2020,7,41.1,7.2,43.1,False,1
"Bieber, Shane",2022,18,25.0,7.2,43.1,False,6
"Bieber, Shane",2023,14,20.1,7.8,47.8,True,2
"Blach, Ty",2017,17,10.5,3.7,33.0,False,4
"Blach, Ty",2018,8,14.6,4.8,35.7,False,6
"Boyd, Matthew",2017,18,18.2,5.9,30.3,False,5
"Boyd, Matthew",2018,27,22.4,6.1,32.3,False,4
"Boyd, Matthew",2019,39,30.2,9.0,35.3,False,7
"Boyd, Matthew",2020,15,22.1,10.9,37.0,False,1
"Bradish, Kyle",2022,17,21.8,7.8,41.0,False,4
"Bradish, Kyle",2023,14,25.0,6.9,42.0,False,1
"Bradley, Archie",2016,16,22.4,5.2,37.0,False,5
"Brault, Steven",2019,15,19.8,6.1,38.7,False,4
"Brown, Hunter",2023,26,26.8,10.9,44.4,False,6
"Brubaker, JT",2020,6,23.4,8.0,32.8,False,1
"Brubaker, JT",2021,28,24.0,8.8,38.7,False,1
"Brubaker, JT",2022,17,22.8,7.6,41.3,False,10
"Bubic, Kris",2020,8,22.1,8.1,36.2,False,5
"Bubic, Kris",2021,22,20.5,9.0,39.6,False,3
"Bubic, Kris",2022,18,18.7,7.8,44.9,False,7
"Buchholz, Clay",2016,21,15.8,6.7,32.9,False,6
"Buehler, Walker",2018,12,27.9,4.3,32.0,False,3
"Buehler, Walker",2019,20,29.2,5.4,36.4,False,11
"Buehler, Walker",2021,19,26.0,6.8,37.1,False,4
"Buehrle, Mark",2015,22,11.0,4.9,33.0,False,16
"Bumgarner, Madison",2015,21,26.9,4.8,30.1,False,2
"Bumgarner, Madison",2016,26,27.5,6.7,31.2,False,10
"Bumgarner, Madison",2018,14,19.8,8.4,35.5,True,4
"Bumgarner, Madison",2019,30,24.1,9.0,41.8,True,9
"Bumgarner, Madison",2020,13,15.8,14.9,40.4,False,1
"Bumgarner, Madison",2021,24,20.2,7.5,38.5,False,6
"Bumgarner, Madison",2022,25,16.0,9.8,43.2,False,11
"Bundy, Dylan",2017,26,21.8,7.8,36.5,False,2
"Bundy, Dylan",2018,41,24.5,8.5,37.4,False,12
"Bundy, Dylan",2019,29,23.1,5.9,31.9,False,9
"Bundy, Dylan",2020,5,27.0,4.6,32.9,False,3
"Bundy, Dylan",2022,24,15.8,8.9,38.3,False,3
"Burnes, Corbin",2020,2,36.7,7.2,34.4,False,1
"Burnes, Corbin",2021,7,35.6,3.1,30.5,False,2
"Burnes, Corbin",2022,23,30.5,5.7,34.1,False,7
"Burnes, Corbin",2023,22,25.5,5.3,32.4,True,4
"Burnett, A.J.",2015,11,20.5,4.8,38.7,True,6
"Cain, Matt",2017,18,13.2,6.1,36.6,False,10
"Canning, Griffin",2020,8,23.5,8.9,34.2,True,4
"Canning, Griffin",2023,22,25.9,9.8,44.2,False,1
"Carrasco, Carlos",2015,18,29.6,4.5,34.1,True,1
"Carrasco, Carlos",2016,21,25.0,5.1,37.9,False,10
"Carrasco, Carlos",2017,21,28.3,7.4,34.6,False,0
"Carrasco, Carlos",2018,21,29.5,6.0,39.1,False,6
"Carrasco, Carlos",2020,8,29.3,8.3,34.9,True,0
"Carrasco, Carlos",2022,17,23.6,7.0,39.5,False,4
"Cashner, Andrew",2015,19,20.5,5.1,34.6,False,22
"Cashner, Andrew",2016,19,19.1,7.8,40.7,False,6
"Cashner, Andrew",2017,15,12.2,3.9,32.3,True,12
"Cashner, Andrew",2018,25,14.5,7.2,35.8,False,7
"Cashner, Andrew",2019,19,17.0,7.7,41.0,False,6
"Castellani, Ryan",2020,12,13.2,7.5,45.1,False,2
"Castillo, Luis",2018,28,23.3,8.8,39.5,False,8
"Castillo, Luis",2019,22,29.0,5.1,33.6,False,4
"Castillo, Luis",2020,5,30.5,4.5,37.1,True,6
"Castillo, Luis",2021,19,23.9,4.5,36.9,True,11
"Castillo, Luis",2022,13,27.2,6.9,37.6,True,6
"Castillo, Luis",2023,28,27.3,9.4,41.8,False,8
"Cease, Dylan",2020,12,17.3,8.8,40.9,True,4
"Cease, Dylan",2021,20,31.9,9.9,38.8,False,5
"Cease, Dylan",2022,16,30.4,6.2,31.2,False,10
"Cease, Dylan",2023,19,27.3,6.2,41.6,False,8
"Chacín, Jhoulys",2016,14,18.8,4.4,36.2,False,4
"Chacín, Jhoulys",2017,19,20.0,5.7,28.4,True,4
"Chacín, Jhoulys",2018,18,19.6,6.5,37.8,False,8
"Chatwood, Tyler",2016,15,17.5,4.0,35.2,True,7
"Chatwood, Tyler",2017,20,19.0,5.6,32.1,False,2
"Chavez, Jesse",2015,18,20.2,5.3,34.2,False,5
"Chavez, Jesse",2017,28,20.3,8.8,40.8,False,1
"Chen, Wei-Yin",2015,28,19.3,5.9,31.9,False,7
"Chen, Wei-Yin",2016,22,19.2,8.4,37.2,False,1
"Chen, Wei-Yin",2018,19,19.4,5.3,31.5,False,4
"Chirinos, Yonny",2019,23,21.5,8.8,33.8,False,4
"Civale, Aaron",2020,11,22.1,6.7,33.5,False,0
"Civale, Aaron",2023,12,23.0,6.6,36.4,False,0
"Clevinger, Mike",2018,21,25.6,5.6,31.8,False,4
"Clevinger, Mike",2023,16,20.0,7.2,35.9,True,1
"Cobb, Alex",2017,22,17.3,6.0,35.1,True,5
"Cobb, Alex",2018,24,15.4,7.8,40.6,False,10
"Cobb, Alex",2020,8,16.8,9.5,48.2,False,2
"Cobb, Alex",2022,9,23.9,3.7,41.1,True,10
"Cobb, Alex",2023,19,20.3,7.0,43.4,True,4
"Cole, Gerrit",2015,11,24.3,4.3,34.7,False,11
"Cole, Gerrit",2016,7,19.4,3.0,31.0,True,7
"Cole, Gerrit",2017,31,23.1,7.6,34.4,False,2
"Cole, Gerrit",2018,19,34.5,6.2,39.8,False,4
"Cole, Gerrit",2019,29,39.9,5.9,35.5,False,7
"Cole, Gerrit",2020,14,32.6,9.1,44.6,False,4
"Cole, Gerrit",2021,24,33.5,9.8,38.6,False,4
"Cole, Gerrit",2022,33,32.4,9.5,40.2,False,3
"Cole, Gerrit",2023,20,27.0,7.6,39.2,False,3
"Colon, Bartolo",2015,25,16.7,5.4,34.7,False,4
"Colon, Bartolo",2016,24,16.2,5.3,37.6,False,8
"Colon, Bartolo",2017,28,13.7,7.3,37.4,False,9
"Colon, Bartolo",2018,32,12.9,7.5,40.8,False,3
"Conley, Adam",2016,13,21.3,6.2,31.6,True,2
"Corbin, Patrick",2016,24,18.7,9.0,36.5,False,20
"Corbin, Patrick",2017,26,21.5,6.7,35.6,True,12
"Corbin, Patrick",2018,15,30.8,5.8,35.6,False,0
"Corbin, Patrick",2019,24,28.5,9.4,38.7,False,8
"Corbin, Patrick",2020,10,20.3,6.5,44.2,False,1
"Corbin, Patrick",2021,37,19.0,9.2,41.2,False,3
"Corbin, Patrick",2022,27,18.0,11.0,45.0,False,12
"Corbin, Patrick",2023,33,15.7,9.3,44.0,False,9
"Cortes Jr., Nestor",2022,16,26.5,5.3,34.7,False,1
"Cotton, Jharel",2017,28,18.6,6.0,30.9,False,11
"Covey, Dylan",2018,13,16.8,5.3,37.3,False,11
"Crawford, Kutter",2023,17,25.6,7.7,35.3,True,1
"Crowe, Wil",2021,25,21.2,9.4,37.1,False,4
"Cueto, Johnny",2015,21,20.3,4.9,31.8,True,6
"Cueto, Johnny",2016,15,22.5,4.4,33.2,False,3
"Cueto, Johnny",2017,22,21.0,7.3,33.6,False,3
"Cueto, Johnny",2020,9,20.2,5.7,33.9,False,3
"Cueto, Johnny",2022,15,15.7,7.3,35.9,True,7
"Danks, John",2015,24,16.1,5.1,30.4,False,11
"Darvish, Yu",2017,27,27.3,6.3,31.4,True,3
"Darvish, Yu",2019,33,31.3,7.4,37.5,True,3
"Darvish, Yu",2020,5,31.3,6.4,34.2,False,1
"Darvish, Yu",2021,28,29.2,8.8,34.9,False,3
"Darvish, Yu",2022,22,25.6,8.8,37.1,False,0
"Darvish, Yu",2023,18,24.6,6.8,38.2,False,2
"Davies, Zach",2016,20,19.8,5.2,28.6,False,7
"Davies, Zach",2017,20,15.2,4.0,31.1,False,7
"Davies, Zach",2019,20,15.2,7.2,33.3,False,10
"Davies, Zach",2020,9,22.8,10.3,36.6,False,5
"Davies, Zach",2021,25,17.1,9.1,43.3,False,4
"Davies, Zach",2022,21,17.9,8.0,34.5,False,5
"De La Rosa, Jorge",2015,17,21.1,4.6,31.3,False,4
"De La Rosa, Jorge",2016,23,17.6,6.4,38.6,False,11
"De La Rosa, Rubby",2015,32,18.5,6.1,32.8,False,5
"DeSclafani, Anthony",2015,17,19.2,4.9,34.3,True,10
"DeSclafani, Anthony",2016,16,20.7,6.3,36.1,False,6
"DeSclafani, Anthony",2019,29,24.0,7.1,38.7,True,5
"DeSclafani, Anthony",2021,19,22.5,8.1,38.8,False,2
"Despaigne, Odrisamer",2015,17,12.6,5.0,30.0,False,1
"Detmers, Reid",2022,13,22.6,8.0,38.6,True,2
"Detmers, Reid",2023,19,26.1,6.2,41.4,False,7
"Dickey, R.A.",2015,25,14.3,4.4,30.5,True,4
"Dickey, R.A.",2016,28,17.3,7.3,35.5,False,13
"Dickey, R.A.",2017,26,16.7,4.3,30.8,False,9
"Dobnak, Randy",2020,3,13.5,5.2,40.9,False,0
"Duffey, Tyler",2016,25,19.1,9.5,43.0,False,8
"Duffy, Danny",2015,15,17.3,4.5,32.5,False,2
"Duffy, Danny",2016,27,25.7,7.9,36.0,False,1
"Duffy, Danny",2017,13,21.3,5.5,31.1,True,5
"Duffy, Danny",2018,23,20.4,7.3,37.3,False,2
"Duffy, Danny",2019,21,20.7,7.5,37.8,False,6
"Duffy, Danny",2020,10,23.6,7.5,36.0,False,2
"Dunn, Justin",2020,10,19.2,11.0,44.9,False,1
"Dunning, Dane",2021,13,22.3,8.1,43.5,False,2
"Dunning, Dane",2022,20,20.4,8.9,38.0,False,4
"Dunning, Dane",2023,20,19.4,7.5,40.2,False,2
"Eflin, Zach",2018,16,22.4,5.7,33.2,False,7
"Eflin, Zach",2019,28,18.3,6.9,32.8,False,13
"Eflin, Zach",2020,8,28.6,7.5,32.7,False,2
"Eflin, Zach",2023,19,26.5,9.0,35.1,False,0
"Eickhoff, Jerad",2016,30,20.6,5.7,35.0,True,8
"Eickhoff, Jerad",2017,16,20.5,6.3,34.6,False,7
"Elder, Bryce",2023,19,17.5,6.0,41.0,False,5
"Eovaldi, Nathan",2015,10,18.0,5.0,34.8,False,0
"Eovaldi, Nathan",2016,23,18.5,8.5,40.3,False,0
"Eovaldi, Nathan",2020,8,26.1,8.8,39.7,False,0
"Eovaldi, Nathan",2021,15,25.5,6.3,36.4,True,5
"Eovaldi, Nathan",2023,15,22.9,7.9,43.1,False,1
"Estrada, Marco",2015,24,18.1,5.3,30.8,False,4
"Estrada, Marco",2016,23,22.8,7.4,31.5,True,5
"Estrada, Marco",2017,31,21.8,7.0,30.2,False,1
"Estrada, Marco",2018,29,16.4,9.3,33.3,False,1
"Fedde, Erick",2020,10,12.6,8.3,39.6,False,1
"Fedde, Erick",2021,23,21.7,9.3,40.6,False,9
"Fedde, Erick",2022,21,16.4,8.1,43.5,False,2
"Fernández, José",2016,13,34.3,3.8,36.2,False,5
"Fiers, Mike",2015,24,23.7,5.9,29.4,True,9
"Fiers, Mike",2016,26,18.5,6.1,39.2,False,5
"Fiers, Mike",2017,32,21.8,8.0,32.8,False,6
"Fiers, Mike",2018,32,19.5,10.4,37.4,False,3
"Fiers, Mike",2019,30,16.7,7.2,38.3,False,2
"Fiers, Mike",2020,9,14.4,7.5,33.5,False,1
"Finnegan, Brandon",2016,29,19.8,8.0,35.5,True,10
"Fister, Doug",2016,24,14.8,4.5,35.7,False,5
"Flaherty, Jack",2018,20,29.6,6.6,34.7,True,3
"Flaherty, Jack",2019,25,29.9,6.9,30.3,False,2
"Flaherty, Jack",2023,17,22.8,7.3,38.3,False,3
"Flexen, Chris",2021,19,16.9,6.3,38.1,False,2
"Flexen, Chris",2022,17,16.1,9.0,40.0,True,4
"Foltynewicz, Mike",2016,18,21.1,6.2,37.0,False,2
"Foltynewicz, Mike",2017,20,20.7,5.4,32.9,False,4
"Foltynewicz, Mike",2018,17,27.2,6.9,34.5,True,7
"Foltynewicz, Mike",2021,35,16.6,9.2,43.0,False,2
"France, J.P.",2023,19,17.4,8.1,38.7,False,6
"Freeland, Kyle",2017,17,15.6,4.3,33.6,False,7
"Freeland, Kyle",2018,17,20.5,5.0,29.2,False,0
"Freeland, Kyle",2020,9,15.1,5.6,35.8,False,0
"Freeland, Kyle",2021,20,20.4,8.2,35.3,False,1
"Freeland, Kyle",2022,19,17.1,9.7,42.4,False,8
"Freeland, Kyle",2023,29,13.9,8.7,43.5,False,9
"Fried, Max",2019,21,24.6,4.4,39.1,False,6
"Fried, Max",2020,2,22.3,3.3,23.8,False,0
"Fried, Max",2021,15,23.7,6.3,34.3,False,5
"Fried, Max",2022,12,23.2,4.0,32.1,False,4
"Friedrich, Christian",2016,13,17.6,4.1,32.9,False,5
"Fulmer, Michael",2016,16,20.4,5.8,32.3,False,3
"Fulmer, Michael",2017,13,16.9,4.9,29.4,True,10
"Fulmer, Michael",2018,19,19.7,6.5,38.2,False,6
"Gallardo, Yovani",2015,15,15.3,2.8,34.3,True,6
"Gallardo, Yovani",2016,16,16.2,5.3,35.7,False,3
"Gallardo, Yovani",2017,24,16.3,7.1,35.1,False,1
"Gallen, Zac",2020,9,28.2,7.2,32.6,False,2
"Gallen, Zac",2021,19,26.6,7.9,43.0,False,3
"Gallen, Zac",2022,15,26.9,7.8,36.1,False,4
"Gallen, Zac",2023,22,26.0,9.2,46.2,False,6
"Garcia, Luis",2021,19,26.4,7.3,38.7,False,2
"Garcia, Luis",2022,23,24.4,7.8,36.3,False,5
"García, Jaime",2015,6,19.0,3.7,30.5,False,2
"García, Jaime",2016,26,20.2,5.7,35.3,False,5
"García, Jaime",2017,18,19.2,5.4,36.8,False,9
"Garrett, Braxton",2023,20,23.7,7.8,45.1,True,3
"Garza, Matt",2015,23,15.6,4.8,32.0,False,9
"Garza, Matt",2017,17,15.7,4.7,31.7,False,9
"Gausman, Kevin",2016,28,23.0,7.2,33.7,True,4
"Gausman, Kevin",2017,29,21.9,8.2,33.7,False,2
"Gausman, Kevin",2018,26,19.1,7.4,40.8,True,5
"Gausman, Kevin",2020,8,32.2,7.4,36.9,True,2
"Gausman, Kevin",2021,20,29.3,7.1,40.9,False,6
"Gausman, Kevin",2022,15,28.3,8.1,38.5,True,7
"Gausman, Kevin",2023,19,31.1,9.9,43.3,True,7
"Gaviglio, Sam",2018,21,19.2,6.7,40.4,False,4
"Gee, Dillon",2016,24,16.2,6.2,30.1,False,2
"Germán, Domingo",2019,30,25.8,8.8,40.1,False,5
"Gibson, Kyle",2015,18,17.7,5.0,34.4,True,5
"Gibson, Kyle",2016,20,15.9,6.1,33.5,False,6
"Gibson, Kyle",2017,24,17.5,6.9,37.9,False,4
"Gibson, Kyle",2018,23,21.7,5.7,36.4,True,9
"Gibson, Kyle",2019,23,22.7,7.5,37.8,False,13
"Gibson, Kyle",2020,12,19.3,7.2,39.6,False,4
"Gibson, Kyle",2021,17,20.6,4.9,39.1,True,3
"Gibson, Kyle",2022,24,20.1,7.5,37.5,False,4
"Gibson, Kyle",2023,23,19.5,7.6,44.5,False,0
"Gilbert, Logan",2021,17,25.4,8.8,44.6,False,1
"Gilbert, Logan",2022,19,22.7,7.1,45.6,False,5
"Gilbert, Logan",2023,29,24.5,9.0,44.6,False,3
"Giolito, Lucas",2018,27,16.1,7.0,37.1,False,5
"Giolito, Lucas",2019,24,32.3,9.4,34.6,False,2
"Giolito, Lucas",2020,8,33.7,5.6,35.4,True,3
"Giolito, Lucas",2021,27,28.0,6.7,34.2,True,4
"Giolito, Lucas",2022,24,25.4,7.5,39.0,False,4
"Giolito, Lucas",2023,41,25.7,11.0,41.6,False,10
"Glasnow, Tyler",2020,11,38.2,8.8,42.4,False,0
"Godley, Zack",2017,15,26.3,6.4,38.7,True,3
"Godley, Zack",2018,16,23.4,6.4,38.8,False,9
"Gomber, Austin",2022,20,18.0,8.5,35.9,False,3
"Gomber, Austin",2023,26,14.4,8.9,44.3,False,3
"Gonzales, Marco",2018,17,21.1,5.4,35.0,False,2
"Gonzales, Marco",2019,23,17.0,4.9,35.2,True,16
"Gonzales, Marco",2020,8,23.1,8.4,34.3,False,3
"Gonzales, Marco",2021,29,18.5,11.4,37.0,False,1
"Gonzales, Marco",2022,30,13.2,7.2,35.0,False,13
"Gonzalez, Gio",2015,8,22.3,4.8,34.1,False,5
"Gonzalez, Gio",2016,19,22.4,5.9,33.8,False,8
"Gonzalez, Gio",2017,21,22.7,4.9,27.9,False,3
"Gonzalez, Gio",2018,17,19.8,5.8,34.5,False,4
"González, Miguel",2015,24,17.5,5.7,34.8,False,2
"González, Miguel",2016,11,16.8,4.0,30.9,True,5
"González, Miguel",2017,22,14.6,6.7,35.9,False,8
"Gore, MacKenzie",2023,27,25.9,12.1,43.7,False,4
"Graveman, Kendall",2015,15,15.3,5.8,38.2,True,5
"Graveman, Kendall",2016,22,13.8,5.5,38.7,False,2
"Gray, Jon",2016,18,26.0,6.2,34.7,False,6
"Gray, Jon",2018,27,24.7,5.8,37.9,False,4
"Gray, Jon",2019,19,23.5,5.9,43.8,False,6
"Gray, Jon",2021,21,24.4,6.9,38.2,False,7
"Gray, Jon",2022,17,25.7,6.1,38.0,True,5
"Gray, Jon",2023,22,21.6,6.4,39.5,False,3
"Gray, Josiah",2022,38,23.7,10.7,36.9,False,1
"Gray, Josiah",2023,22,20.5,9.4,36.7,True,3
"Gray, Sonny",2015,17,20.3,4.5,34.6,False,8
"Gray, Sonny",2016,18,18.2,6.3,43.4,False,6
"Gray, Sonny",2017,19,22.6,6.2,38.6,True,15
"Gray, Sonny",2018,14,21.1,6.3,39.5,False,2
"Gray, Sonny",2019,17,29.0,6.8,33.3,False,3
"Gray, Sonny",2020,4,30.6,3.7,32.6,False,3
"Gray, Sonny",2021,19,27.0,4.7,32.1,False,4
"Gray, Sonny",2023,8,24.3,6.9,39.2,True,2
"Greene, Hunter",2022,24,30.9,9.4,40.1,False,2
"Greinke, Zack",2015,14,23.7,4.0,27.8,False,2
"Greinke, Zack",2016,23,20.1,6.9,30.9,False,3
"Greinke, Zack",2017,25,26.8,7.4,30.9,False,8
"Greinke, Zack",2018,28,23.7,6.4,33.5,True,3
"Greinke, Zack",2019,21,23.1,6.3,33.3,False,5
"Greinke, Zack",2020,6,24.5,8.2,35.2,True,0
"Greinke, Zack",2021,30,17.2,6.5,35.4,False,3
"Greinke, Zack",2022,14,12.5,6.8,39.6,True,9
"Greinke, Zack",2023,25,16.4,7.7,38.8,False,2
"Griffin, A.J.",2016,28,21.0,8.6,38.7,False,1
"Gsellman, Robert",2017,17,14.9,5.0,32.5,False,16
"Guerra, Junior",2018,19,22.3,6.7,38.8,False,10
"Guthrie, Jeremy",2015,29,12.7,6.5,34.9,False,3
"Hamels, Cole",2015,22,24.4,4.4,33.4,False,2
"Hamels, Cole",2016,24,23.6,6.0,35.7,False,9
"Hamels, Cole",2017,18,17.1,5.4,36.0,False,5
"Hamels, Cole",2018,29,23.4,7.5,35.9,True,13
"Hamels, Cole",2019,17,23.2,7.6,41.3,True,4
"Hammel, Jason",2015,23,24.2,7.1,36.4,False,8
"Hammel, Jason",2016,25,20.8,7.2,37.2,False,6
"Hammel, Jason",2017,26,18.0,7.1,33.9,False,3
"Hammel, Jason",2018,18,15.8,8.3,39.5,False,6
"Happ, J.A.",2015,16,21.1,4.6,37.4,False,2
"Happ, J.A.",2016,22,20.5,7.4,37.2,False,3
"Happ, J.A.",2017,18,22.7,4.3,31.1,True,7
"Happ, J.A.",2018,27,26.4,8.8,34.0,False,9
"Happ, J.A.",2019,34,20.6,8.3,37.5,False,0
"Happ, J.A.",2020,8,21.4,5.1,34.3,True,0
"Happ, J.A.",2021,30,18.2,11.6,41.8,False,2
"Harang, Aaron",2015,26,14.4,7.0,37.0,False,7
"Haren, Dan",2015,31,17.2,6.4,33.7,True,4
"Harvey, Matt",2015,18,24.9,3.4,30.4,False,5
"Harvey, Matt",2018,27,19.8,8.0,40.0,False,2
"Harvey, Matt",2021,19,16.3,7.9,40.9,False,7
"Heaney, Andrew",2018,27,24.0,7.8,37.2,False,8
"Heaney, Andrew",2020,9,25.1,7.4,39.4,False,2
"Heaney, Andrew",2021,29,26.9,9.4,40.8,False,1
"Heaney, Andrew",2023,23,23.6,10.2,38.6,False,6
"Hellickson, Jeremy",2015,22,19.0,8.2,36.7,False,4
"Hellickson, Jeremy",2016,24,19.9,6.9,28.4,True,8
"Hellickson, Jeremy",2017,35,13.8,6.4,34.7,False,6
"Hendricks, Kyle",2015,17,22.6,3.5,29.2,True,3
"Hendricks, Kyle",2016,15,22.8,3.4,26.2,False,8
"Hendricks, Kyle",2017,17,21.6,4.4,29.3,False,2
"Hendricks, Kyle",2018,22,19.8,5.7,30.8,True,6
"Hendricks, Kyle",2019,19,20.5,5.4,31.5,True,10
"Hendricks, Kyle",2020,10,20.3,4.5,32.0,True,0
"Hendricks, Kyle",2021,31,16.7,8.4,33.0,False,5
"Hendricks, Kyle",2023,13,16.1,6.2,31.5,True,11
"Hernández, Félix",2015,23,23.2,4.2,34.6,False,1
"Hernández, Félix",2016,19,18.6,5.9,34.3,False,11
"Hernández, Félix",2018,27,18.3,8.4,38.5,False,11
"Heston, Chris",2015,16,18.9,4.9,36.6,True,4
"Hill, Rich",2017,18,30.1,7.0,29.1,False,1
"Hill, Rich",2018,20,27.4,7.8,36.2,False,3
"Hill, Rich",2021,21,22.7,8.9,34.8,True,2
"Hill, Rich",2022,15,20.7,8.2,34.0,False,8
"Hill, Rich",2023,23,19.5,10.1,39.9,False,10
"Holland, Derek",2017,31,16.6,8.2,39.5,False,13
"Holland, Derek",2018,19,23.2,6.6,35.4,True,6
"Houser, Adrian",2020,8,17.9,5.6,32.8,False,8
"Houser, Adrian",2021,12,17.5,5.0,36.0,False,10
"Hudson, Dakota",2019,22,18.0,6.8,38.8,False,15
"Hudson, Dakota",2022,9,13.1,6.0,40.4,False,2
"Hudson, Tim",2015,13,12.2,4.8,34.1,False,1
"Hughes, Phil",2015,29,14.4,7.6,40.6,False,0
"Hutchison, Drew",2015,22,19.4,6.3,34.8,False,10
"Irvin, Cole",2021,23,16.3,7.3,39.3,False,10
"Irvin, Cole",2022,25,17.3,9.6,39.5,True,7
"Irvin, Jake",2023,20,18.7,10.3,39.6,False,4
"Iwakuma, Hisashi",2015,18,21.5,5.5,34.2,False,2
"Iwakuma, Hisashi",2016,28,17.6,5.8,33.9,False,4
"Javier, Cristian",2020,11,25.2,6.4,29.3,False,0
"Javier, Cristian",2022,17,33.2,7.2,33.6,True,2
"Javier, Cristian",2023,25,23.1,9.4,38.3,False,3
"Jiménez, Ubaldo",2015,20,21.2,4.2,31.8,False,5
"Jiménez, Ubaldo",2016,16,19.6,5.0,32.3,False,7
"Jiménez, Ubaldo",2017,33,21.5,7.8,39.5,False,1
"Junis, Jakob",2018,32,21.6,8.6,35.6,False,8
"Junis, Jakob",2019,31,21.3,8.6,41.2,False,6
"Jurado, Ariel",2019,21,15.0,10.0,43.1,False,15
"Kaprielian, James",2021,19,24.5,9.3,42.3,False,1
"Kaprielian, James",2022,16,17.0,8.0,36.4,False,5
"Karns, Nate",2015,19,23.3,7.0,37.3,False,2
"Kazmir, Scott",2015,20,20.3,5.2,34.3,True,14
"Kazmir, Scott",2016,21,22.7,5.3,31.0,False,2
"Keller, Brad",2018,7,16.5,4.6,31.6,False,2
"Keller, Brad",2019,15,17.2,5.9,38.6,False,3
"Keller, Brad",2020,2,16.3,3.7,39.1,False,1
"Keller, Brad",2021,18,19.6,10.9,45.0,False,9
"Keller, Brad",2022,17,16.5,6.6,41.4,False,7
"Keller, Mitch",2022,14,20.1,7.1,37.3,True,8
"Keller, Mitch",2023,25,25.5,8.6,35.6,False,6
"Kelly, Joe",2015,15,18.7,4.3,39.8,False,4
"Kelly, Merrill",2019,29,20.3,9.5,40.0,False,5
"Kelly, Merrill",2021,21,19.5,6.3,39.6,False,4
"Kelly, Merrill",2022,21,22.0,8.3,36.5,False,2
"Kelly, Merrill",2023,20,25.9,7.8,41.8,False,6
"Kendrick, Kyle",2015,33,12.7,6.2,37.6,False,2
"Kennedy, Ian",2015,31,24.4,8.3,39.8,False,15
"Kennedy, Ian",2016,33,22.5,7.7,38.7,True,1
"Kennedy, Ian",2017,34,20.0,10.9,35.8,False,7
"Kennedy, Ian",2018,20,20.3,8.9,37.1,False,4
"Kershaw, Clayton",2015,15,33.8,3.3,24.4,False,7
"Kershaw, Clayton",2016,8,31.6,4.5,27.3,False,3
"Kershaw, Clayton",2017,23,29.8,6.3,27.1,False,4
"Kershaw, Clayton",2018,17,23.9,5.4,35.4,False,6
"Kershaw, Clayton",2019,28,26.8,6.6,34.1,False,3
"Kershaw, Clayton",2020,8,28.1,8.0,34.0,False,4
"Kershaw, Clayton",2023,19,26.2,9.0,39.1,False,3
"Keuchel, Dallas",2015,17,23.7,3.3,28.0,False,4
"Keuchel, Dallas",2016,20,20.5,6.9,36.9,False,3
"Keuchel, Dallas",2017,15,21.4,5.1,32.8,False,3
"Keuchel, Dallas",2018,18,17.5,4.5,33.0,True,7
"Keuchel, Dallas",2020,2,16.3,4.0,31.3,False,1
"Keuchel, Dallas",2021,25,13.2,9.0,39.8,False,10
"Kikuchi, Yusei",2019,36,16.1,7.7,39.1,False,11
"Kikuchi, Yusei",2020,3,24.2,3.9,36.2,False,0
"Kikuchi, Yusei",2021,27,24.5,11.0,47.0,False,5
"Kikuchi, Yusei",2023,27,25.9,9.0,42.4,False,6
"Kirby, George",2022,13,24.5,8.9,38.7,False,5
"Kirby, George",2023,22,22.7,7.5,40.9,True,3
"Kluber, Corey",2015,22,27.7,5.6,32.1,True,6
"Kluber, Corey",2016,22,26.4,6.0,30.4,False,7
"Kluber, Corey",2017,21,34.1,5.3,29.2,False,5
"Kluber, Corey",2018,25,26.4,6.3,34.5,False,6
"Kluber, Corey",2022,20,20.2,6.9,34.7,False,3
"Koehler, Tom",2015,22,17.1,5.7,37.1,False,11
"Koehler, Tom",2016,22,19.0,6.7,33.4,False,8
"Kopech, Michael",2023,29,22.7,12.7,42.4,False,2
"Kremer, Dean",2022,11,17.0,7.3,39.2,True,3
"Kremer, Dean",2023,27,21.4,8.9,40.3,False,6
"Kuhl, Chad",2017,17,20.9,5.7,38.6,False,5
"Kuhl, Chad",2020,8,22.3,13.1,39.3,False,4
"Kuhl, Chad",2022,25,17.8,9.7,44.6,False,4
"Lackey, John",2015,21,19.5,5.6,32.5,True,4
"Lackey, John",2016,23,24.1,5.9,38.1,False,4
"Lackey, John",2017,36,20.4,6.8,36.2,False,6
"Lamet, Dinelson",2020,5,34.8,7.3,40.0,False,2
"Lauer, Eric",2018,15,19.8,6.0,35.2,False,7
"Lauer, Eric",2019,20,21.2,5.9,39.4,False,8
"Lauer, Eric",2022,27,23.8,8.0,38.0,False,6
"LeBlanc, Wade",2018,24,19.6,9.0,34.6,False,7
"LeBlanc, Wade",2019,28,17.3,7.8,39.0,False,3
"Leake, Mike",2015,22,15.3,5.3,35.9,True,1
"Leake, Mike",2016,20,16.5,6.2,36.8,False,9
"Leake, Mike",2017,20,16.6,5.1,36.4,True,12
"Leake, Mike",2018,23,15.2,6.7,39.6,False,8
"Leake, Mike",2019,41,15.2,8.8,42.9,False,20
"Lester, Jon",2015,16,25.0,4.4,28.4,True,7
"Lester, Jon",2016,21,24.7,4.1,29.2,False,2
"Lester, Jon",2017,26,23.6,5.4,29.5,False,14
"Lester, Jon",2018,24,19.6,6.6,35.4,False,8
"Lester, Jon",2019,26,21.6,7.4,34.7,False,16
"Lester, Jon",2020,11,15.8,12.3,38.9,False,0
"Lester, Jon",2021,25,14.5,7.7,37.2,False,10
"Lewis, Colby",2015,26,16.5,6.8,35.1,False,8
"Lindblom, Josh",2020,6,27.2,5.0,32.5,False,0
"Liriano, Francisco",2015,15,26.5,4.3,28.2,False,5
"Liriano, Francisco",2016,26,23.0,6.4,33.3,False,13
"Liriano, Francisco",2018,19,18.8,7.5,32.2,False,16
"Locke, Jeff",2015,15,17.5,3.5,30.0,False,11
"Locke, Jeff",2016,17,13.0,6.5,33.4,False,4
"Lohse, Kyle",2015,29,16.2,7.5,32.0,False,0
"Lorenzen, Michael",2015,18,16.1,5.4,36.0,False,2
"Lorenzen, Michael",2023,20,17.8,8.0,40.2,False,5
"Lucchesi, Joey",2018,23,26.5,8.7,40.5,False,4
"Lucchesi, Joey",2019,23,23.0,7.2,36.4,False,2
"Lugo, Seth",2023,19,23.2,9.6,44.2,True,4
"Luzardo, Jesús",2020,9,23.8,7.1,36.7,False,0
"Luzardo, Jesús",2023,22,28.1,9.5,40.0,True,8
"Lyles, Jordan",2019,25,24.4,8.1,41.3,False,7
"Lyles, Jordan",2020,12,13.5,7.8,42.0,False,4
"Lyles, Jordan",2021,38,19.0,9.1,41.6,False,1
"Lyles, Jordan",2022,26,18.6,10.4,38.8,False,6
"Lyles, Jordan",2023,39,16.0,9.9,35.5,False,6
"Lynch IV, Daniel",2022,21,20.3,8.8,47.7,False,4
"Lynn, Lance",2015,13,22.2,4.9,30.9,True,7
"Lynn, Lance",2017,27,19.7,5.8,27.5,False,9
"Lynn, Lance",2018,14,23.0,4.2,37.1,False,4
"Lynn, Lance",2019,21,28.1,5.9,33.8,False,4
"Lynn, Lance",2020,13,25.9,5.4,37.5,False,3
"Lynn, Lance",2021,18,27.5,5.8,36.0,False,5
"Lynn, Lance",2022,19,24.2,6.7,38.7,True,11
"Lynn, Lance",2023,44,23.6,10.4,39.3,False,10
"López, Jorge",2019,27,19.9,11.9,40.6,False,7
"López, Jorge",2021,21,20.2,9.3,43.5,False,1
"López, Pablo",2020,4,24.6,4.3,32.3,False,4
"López, Pablo",2022,21,23.6,9.0,35.1,True,3
"López, Pablo",2023,24,29.2,6.3,34.8,False,2
"López, Reynaldo",2018,25,18.9,7.3,36.1,True,6
"López, Reynaldo",2019,35,20.9,7.6,38.3,False,9
"Maeda, Kenta",2016,20,25.0,5.4,25.5,False,4
"Maeda, Kenta",2017,22,25.1,4.8,28.4,False,5
"Maeda, Kenta",2018,13,28.8,5.7,32.3,True,5
"Maeda, Kenta",2019,22,27.1,5.5,28.7,True,1
"Maeda, Kenta",2020,9,32.3,7.0,24.7,False,0
"Mahle, Tyler",2018,22,21.7,9.1,40.3,False,6
"Mahle, Tyler",2019,25,23.2,7.5,37.6,False,8
"Mahle, Tyler",2020,6,29.9,6.0,39.7,True,2
"Mahle, Tyler",2021,24,27.7,6.5,34.3,False,3
"Mahle, Tyler",2022,16,25.0,7.5,38.3,False,2
"Manaea, Sean",2016,20,20.9,6.8,38.9,True,3
"Manaea, Sean",2017,18,20.3,5.8,41.2,False,11
"Manaea, Sean",2018,21,16.5,7.9,39.7,True,3
"Manaea, Sean",2020,7,20.3,7.1,44.6,False,5
"Manaea, Sean",2021,25,25.7,8.0,41.2,True,1
"Manaea, Sean",2022,29,23.2,9.1,42.9,False,8
"Manoah, Alek",2022,16,22.9,5.4,31.5,False,6
"Martinez, Carlos",2015,13,24.4,4.6,33.6,False,5
"Martinez, Carlos",2016,15,21.5,3.8,30.5,False,2
"Martinez, Carlos",2017,27,25.3,4.8,33.3,True,10
"Martinez, Carlos",2018,5,22.5,3.9,31.5,True,7
"Martinez, Nick",2015,16,13.8,5.5,35.5,True,11
"Matz, Steven",2016,14,23.6,4.5,36.1,True,3
"Matz, Steven",2018,25,23.2,7.4,36.6,True,9
"Matz, Steven",2019,27,22.1,8.6,38.6,False,8
"Matz, Steven",2021,18,22.3,7.0,37.9,False,6
"May, Dustin",2020,9,19.6,6.7,33.7,False,2
"McClanahan, Shane",2021,14,27.3,10.7,45.7,False,2
"McClanahan, Shane",2022,19,30.3,6.4,32.6,False,5
"McCullers Jr., Lance",2015,10,24.8,6.7,32.1,True,4
"McCullers Jr., Lance",2017,8,25.8,4.6,32.8,False,5
"McCullers Jr., Lance",2018,12,26.9,8.2,35.1,False,5
"McCullers Jr., Lance",2020,5,24.7,10.3,34.9,True,5
"McCullers Jr., Lance",2021,13,27.0,5.3,40.7,False,2
"McHugh, Collin",2015,19,19.9,3.5,29.2,False,1
"McHugh, Collin",2016,25,22.3,4.7,28.3,False,3
"McKenzie, Triston",2022,25,25.6,9.8,40.6,True,2
"Means, John",2019,23,19.0,6.8,30.7,True,6
"Means, John",2021,30,22.7,10.1,37.8,True,5
"Megill, Tylor",2023,18,18.5,9.1,42.6,False,10
"Mikolas, Miles",2018,16,18.1,5.1,29.4,False,7
"Mikolas, Miles",2019,27,18.8,6.1,36.6,False,5
"Mikolas, Miles",2022,25,19.0,6.9,36.0,True,7
"Mikolas, Miles",2023,26,15.9,9.8,43.0,False,3
"Miley, Wade",2015,17,17.7,4.5,31.5,False,2
"Miley, Wade",2016,25,19.3,6.7,37.4,False,1
"Miley, Wade",2017,25,19.5,6.3,35.8,False,6
"Miley, Wade",2019,23,19.4,4.3,32.5,False,9
"Miley, Wade",2021,17,18.1,6.1,34.2,False,3
"Miller, Bobby",2023,12,23.6,6.0,37.6,False,1
"Miller, Bryce",2023,18,22.2,10.9,42.1,False,1
"Miller, Shelby",2015,13,19.9,3.6,27.7,True,13
"Mills, Alec",2020,13,18.3,9.2,39.5,False,0
"Mills, Alec",2021,16,16.8,4.9,39.3,False,8
"Milone, Tommy",2015,17,16.8,5.3,29.2,False,8
"Minor, Mike",2018,25,20.6,10.8,35.3,False,3
"Minor, Mike",2019,30,23.2,7.0,30.4,False,3
"Minor, Mike",2020,11,25.9,10.3,40.4,False,1
"Minor, Mike",2021,26,22.3,9.3,35.9,False,3
"Miranda, Aríel",2017,37,20.2,9.5,34.0,False,2
"Mize, Casey",2021,24,19.3,10.0,40.0,True,2
"Montas, Frankie",2020,10,25.3,7.8,35.3,False,2
"Montas, Frankie",2021,20,26.6,8.7,42.3,False,9
"Montas, Frankie",2022,18,23.4,8.0,34.2,True,7
"Montero, Rafael",2017,12,20.7,4.1,25.3,False,2
"Montgomery, Jordan",2017,21,22.2,6.2,31.6,True,5
"Montgomery, Jordan",2020,7,24.4,6.0,29.9,False,2
"Montgomery, Jordan",2021,19,24.5,7.4,36.5,True,6
"Montgomery, Jordan",2022,21,21.8,7.1,37.5,False,3
"Montgomery, Jordan",2023,18,21.4,7.5,37.9,True,8
"Montgomery, Mike",2017,10,18.5,3.2,28.5,True,3
"Montgomery, Mike",2018,10,16.1,3.7,38.7,True,3
"Moore, Matt",2016,25,21.2,6.4,31.4,False,3
"Moore, Matt",2017,27,18.7,9.0,40.3,False,9
"Morgan, Adam",2016,23,18.7,7.1,39.3,False,5
"Morton, Charlie",2015,13,17.1,4.3,37.2,False,8
"Morton, Charlie",2017,14,26.4,4.6,29.8,False,6
"Morton, Charlie",2018,18,28.9,5.8,31.0,False,5
"Morton, Charlie",2019,15,30.4,5.0,32.8,False,5
"Morton, Charlie",2021,16,28.6,4.9,32.5,False,8
"Morton, Charlie",2022,28,28.2,9.5,42.1,False,2
"Morton, Charlie",2023,14,25.6,7.8,39.1,True,4
"Musgrove, Joe",2019,21,21.9,6.4,38.7,False,14
"Musgrove, Joe",2021,22,27.1,7.2,38.5,True,4
"Musgrove, Joe",2022,22,24.9,6.0,32.5,False,8
"Márquez, Germán",2017,25,21.0,7.1,36.0,False,3
"Márquez, Germán",2018,24,28.2,5.6,39.1,True,8
"Márquez, Germán",2019,29,24.3,7.9,43.1,False,4
"Márquez, Germán",2020,6,21.2,4.9,40.2,True,7
"Márquez, Germán",2021,21,23.3,5.3,39.3,False,4
"Márquez, Germán",2022,30,19.3,7.1,47.2,False,9
"Nelson, Jimmy",2015,18,19.7,4.8,28.9,False,8
"Nelson, Jimmy",2016,25,17.3,5.5,35.1,False,16
"Nelson, Jimmy",2017,16,27.3,4.0,31.4,False,7
"Nelson, Ryne",2023,24,15.5,11.6,42.7,False,2
"Newcomb, Sean",2018,18,23.0,4.2,31.9,True,3
"Nicasio, Juan",2016,15,26.9,5.0,31.6,False,5
"Niese, Jonathon",2015,20,14.7,4.4,32.5,False,12
"Niese, Jonathon",2016,25,16.1,6.4,35.8,False,3
"Nola, Aaron",2017,18,26.6,5.0,31.0,True,1
"Nola, Aaron",2018,17,27.0,4.6,31.2,False,1
"Nola, Aaron",2019,27,26.9,6.8,39.5,False,4
"Nola, Aaron",2020,9,33.2,5.4,38.1,True,5
"Nola, Aaron",2021,26,29.8,7.1,37.4,False,2
"Nola, Aaron",2022,19,29.1,7.1,31.6,True,1
"Nola, Aaron",2023,32,25.5,8.3,38.5,False,9
"Nolasco, Ricky",2016,26,17.6,6.4,35.9,False,7
"Nolasco, Ricky",2017,35,18.2,8.4,40.0,False,3
"Norris, Daniel",2019,25,20.5,8.8,43.3,False,3
"Nova, Iván",2016,23,18.6,6.7,41.0,False,6
"Nova, Iván",2017,29,16.7,6.5,36.8,False,10
"Nova, Iván",2018,26,16.7,7.9,38.7,False,7
"Nova, Iván",2019,30,14.1,7.2,38.4,False,9
"Ober, Bailey",2023,22,25.3,9.6,35.7,True,3
"Odorizzi, Jake",2015,18,21.4,6.2,33.9,True,2
"Odorizzi, Jake",2016,29,21.5,8.4,35.9,False,3
"Odorizzi, Jake",2017,30,21.1,8.2,35.7,False,14
"Odorizzi, Jake",2018,20,22.8,7.4,39.0,False,7
"Odorizzi, Jake",2019,16,27.1,7.8,36.2,False,3
"Ohtani, Shohei",2021,15,29.3,7.1,39.9,False,2
"Ohtani, Shohei",2022,14,33.2,6.3,33.2,False,2
"Ohtani, Shohei",2023,18,31.5,10.1,35.0,False,4
"Otto Jr., Glenn",2022,21,18.2,8.9,38.1,False,4
"Oviedo, Johan",2023,19,20.2,7.6,40.2,False,6
"Paddack, Chris",2019,23,26.9,7.1,32.5,True,6
"Paddack, Chris",2020,14,23.7,11.0,47.4,False,2
"Paxton, James",2016,9,22.9,4.1,41.2,True,11
"Paxton, James",2017,9,28.3,2.8,31.3,False,2
"Paxton, James",2018,23,32.2,9.4,42.1,False,0
"Paxton, James",2019,23,29.4,7.4,38.5,False,7
"Peacock, Brad",2017,10,29.5,5.2,28.3,False,2
"Peavy, Jake",2016,18,19.6,9.2,36.8,False,3
"Pelfrey, Mike",2015,11,12.0,4.6,37.1,False,8
"Pelfrey, Mike",2016,15,10.4,5.5,39.3,False,9
"Pelfrey, Mike",2017,25,14.5,7.6,37.2,False,8
"Peralta, Freddy",2021,14,33.6,6.0,31.8,False,2
"Peralta, Freddy",2023,26,30.9,8.6,37.7,True,6
"Peralta, Wily",2016,19,16.8,6.7,35.9,False,4
"Perdomo, Luis",2016,23,15.9,5.8,40.6,False,6
"Perdomo, Luis",2017,17,16.5,5.0,36.4,False,12
"Peterson, David",2020,5,19.5,7.2,33.3,False,1
"Pineda, Michael",2015,21,23.4,5.7,34.2,False,5
"Pineda, Michael",2016,27,27.4,6.7,39.3,False,4
"Pineda, Michael",2019,23,23.3,7.3,37.4,False,3
"Pivetta, Nick",2017,25,24.0,7.3,37.2,False,2
"Pivetta, Nick",2018,24,27.1,7.8,34.9,False,4
"Pivetta, Nick",2021,24,26.5,8.2,40.4,False,2
"Pivetta, Nick",2022,27,22.6,9.0,45.6,False,0
"Pivetta, Nick",2023,23,31.2,11.8,43.8,True,5
"Plesac, Zach",2020,8,27.7,9.9,33.1,False,0
"Plesac, Zach",2021,23,16.7,9.4,43.4,False,5
"Plesac, Zach",2022,19,17.6,9.6,41.5,False,11
"Pomeranz, Drew",2016,22,26.5,7.3,34.4,True,2
"Pomeranz, Drew",2017,19,23.5,6.7,35.7,False,5
"Porcello, Rick",2015,25,20.2,5.6,36.5,False,9
"Porcello, Rick",2016,23,21.2,7.0,35.1,False,7
"Porcello, Rick",2017,38,20.5,8.0,35.7,False,20
"Porcello, Rick",2018,27,23.5,7.0,35.7,False,6
"Porcello, Rick",2019,31,18.6,9.6,37.7,False,7
"Porcello, Rick",2020,5,20.7,8.4,36.8,False,4
"Price, David",2015,17,25.3,4.6,30.8,False,10
"Price, David",2016,30,24.0,6.3,33.0,False,4
"Price, David",2018,25,24.5,7.0,35.7,False,5
"Pérez, Martín",2016,18,12.0,6.0,37.4,False,13
"Pérez, Martín",2017,23,14.2,5.4,32.4,False,9
"Pérez, Martín",2019,23,18.3,5.3,29.7,False,10
"Pérez, Martín",2020,8,17.6,7.6,29.2,False,2
"Pérez, Martín",2021,19,19.1,9.3,42.2,False,11
"Pérez, Martín",2022,11,20.6,4.3,34.9,False,7
"Pérez, Martín",2023,21,15.3,7.6,37.2,False,4
"Pérez, Williams",2015,13,14.2,5.5,39.9,False,4
"Quantrill, Cal",2021,16,19.6,6.8,34.5,False,7
"Quantrill, Cal",2022,21,16.6,7.5,35.7,False,8
"Quintana, Jose",2015,16,20.5,4.3,32.9,True,4
"Quintana, Jose",2016,22,21.6,4.5,34.2,True,2
"Quintana, Jose",2017,23,26.2,5.9,35.5,False,5
"Quintana, Jose",2018,25,21.4,6.1,37.6,True,3
"Quintana, Jose",2019,20,20.4,5.7,37.9,False,11
"Quintana, Jose",2022,8,20.2,5.5,35.8,True,7
"Ramírez, Erasmo",2015,16,18.9,4.9,33.7,False,5
"Ramírez, Erasmo",2017,22,20.2,7.6,35.8,False,6
"Ramírez, JC",2017,21,16.9,6.5,34.6,False,4
"Rasmussen, Drew",2022,13,21.4,6.6,39.2,False,5
"Ray, Robbie",2015,9,21.8,5.4,35.8,True,6
"Ray, Robbie",2016,24,28.1,6.9,39.3,False,10
"Ray, Robbie",2017,23,32.8,6.2,41.0,False,5
"Ray, Robbie",2018,19,31.4,8.7,41.6,False,1
"Ray, Robbie",2019,30,31.5,10.7,38.6,False,7
"Ray, Robbie",2020,13,27.1,13.1,46.0,False,2
"Ray, Robbie",2021,33,32.1,9.8,43.1,False,1
"Ray, Robbie",2022,32,27.4,7.9,39.1,True,2
"Rea, Colin",2023,23,21.3,7.7,43.3,False,2
"Richard, Clayton",2017,24,17.6,4.4,33.3,False,9
"Richard, Clayton",2018,19,15.8,6.2,40.5,False,4
"Richards, Garrett",2015,20,20.3,4.9,31.6,True,10
"Richards, Garrett",2020,7,21.6,8.8,35.1,True,0
"Richards, Garrett",2021,19,18.6,8.5,47.8,False,12
"Richards, Trevor",2018,15,23.8,6.1,36.3,False,3
"Richards, Trevor",2019,19,21.9,6.4,34.7,False,2
"Roark, Tanner",2016,17,20.1,5.4,30.3,False,6
"Roark, Tanner",2017,23,21.4,5.4,33.1,False,11
"Roark, Tanner",2018,24,19.2,6.0,33.6,False,3
"Roark, Tanner",2019,28,21.9,8.4,37.3,False,4
"Roark, Tanner",2020,14,18.6,13.0,42.9,False,3
"Rodriguez, Eduardo",2015,13,18.8,5.2,31.4,False,3
"Rodriguez, Eduardo",2017,19,25.8,7.7,31.3,False,2
"Rodriguez, Eduardo",2018,16,26.4,6.7,33.0,False,1
"Rodriguez, Eduardo",2019,24,24.8,5.9,29.4,False,2
"Rodriguez, Eduardo",2021,19,27.4,6.8,33.6,False,4
"Rodriguez, Eduardo",2023,15,23.0,7.5,38.5,False,3
"Rodriguez, Grayson",2023,16,25.0,7.3,43.7,False,3
"Rodón, Carlos",2015,11,22.9,4.9,38.0,False,5
"Rodón, Carlos",2016,23,23.5,4.5,35.0,True,8
"Rodón, Carlos",2018,15,17.6,5.1,34.3,False,5
"Rodón, Carlos",2021,13,34.6,6.6,36.2,False,4
"Rodón, Carlos",2022,12,33.4,6.5,39.8,False,2
"Rogers, Trevor",2021,6,28.5,5.0,36.7,True,7
"Romano, Sal",2018,23,16.3,8.1,34.2,False,6
"Ross, Tyson",2015,9,25.8,3.3,32.8,True,7
"Ross, Tyson",2018,17,19.2,6.1,35.2,False,4
"Rusin, Chris",2015,19,14.5,5.6,34.5,False,10
"Ryan, Joe",2022,20,25.0,8.6,35.4,False,2
"Ryan, Joe",2023,32,29.3,8.7,41.6,False,2
"Ryu, Hyun Jin",2017,22,21.4,6.9,31.6,True,5
"Ryu, Hyun Jin",2019,17,22.5,4.7,30.8,False,6
"Ryu, Hyun Jin",2020,6,26.2,3.2,29.2,False,2
"Ryu, Hyun Jin",2021,24,20.4,8.5,41.6,False,3
"Sabathia, CC",2015,28,18.9,4.1,31.1,False,4
"Sabathia, CC",2016,22,19.8,4.4,26.9,True,5
"Sabathia, CC",2017,21,19.3,4.0,28.9,False,3
"Sabathia, CC",2018,19,21.1,5.2,26.6,True,10
"Salazar, Danny",2015,23,25.8,6.4,37.5,False,8
"Salazar, Danny",2016,16,27.6,7.8,44.1,False,2
"Sale, Chris",2015,23,32.1,4.0,26.7,True,9
"Sale, Chris",2016,27,25.7,5.7,33.3,False,4
"Sale, Chris",2017,24,36.2,6.1,30.5,False,4
"Sale, Chris",2018,11,38.4,7.5,26.8,False,2
"Sale, Chris",2019,24,35.6,8.1,36.3,False,8
"Samardzija, Jeff",2015,29,17.9,5.1,31.8,False,4
"Samardzija, Jeff",2016,24,20.1,6.1,35.1,True,2
"Samardzija, Jeff",2017,30,24.2,6.3,33.8,False,5
"Samardzija, Jeff",2019,28,18.9,8.3,37.7,True,7
"Sampson, Adrian",2019,29,17.9,10.1,47.2,False,4
"Sanchez, Aaron",2016,15,20.4,6.1,39.8,False,5
"Sanchez, Aaron",2019,20,19.0,7.6,42.2,False,6
"Sandoval, Patrick",2022,8,23.7,5.7,34.0,True,8
"Sandoval, Patrick",2023,12,19.6,7.0,35.1,False,23
"Santana, Ervin",2016,19,19.9,5.9,31.7,True,10
"Santana, Ervin",2017,31,19.4,5.9,30.1,False,8
"Santiago, Héctor",2015,29,20.9,7.9,35.8,True,8
"Santiago, Héctor",2016,33,18.3,9.3,39.3,False,5
"Scherzer, Max",2015,27,30.7,5.8,29.8,True,3
"Scherzer, Max",2016,31,31.5,6.1,29.5,False,2
"Scherzer, Max",2017,22,34.4,5.6,29.5,False,6
"Scherzer, Max",2018,23,34.6,6.6,31.7,False,4
"Scherzer, Max",2019,18,35.1,6.6,35.5,False,3
"Scherzer, Max",2020,10,31.2,8.4,36.3,True,2
"Scherzer, Max",2021,23,34.1,8.0,34.3,False,4
"Scherzer, Max",2022,13,30.6,8.4,33.9,False,2
"Scherzer, Max",2023,28,28.0,8.5,36.9,False,1
"Schmidt, Clarke",2023,24,21.5,7.6,41.0,False,9
"Sears, JP",2023,34,21.9,11.1,38.4,False,3
"Senga, Kodai",2023,17,29.1,6.8,40.6,False,5
"Senzatela, Antonio",2017,18,18.1,5.4,34.5,False,2
"Senzatela, Antonio",2019,19,13.1,6.1,44.0,False,6
"Senzatela, Antonio",2020,9,13.5,5.4,38.3,False,1
"Senzatela, Antonio",2021,12,15.7,5.9,42.7,False,7
"Severino, Luis",2017,21,29.4,6.1,33.5,False,9
"Severino, Luis",2018,19,28.2,7.7,34.7,False,4
"Sheffield, Justus",2020,2,20.7,3.7,46.6,True,1
"Shields, James",2015,33,25.1,5.6,37.7,False,5
"Shields, James",2016,40,16.4,8.4,33.3,False,4
"Shields, James",2017,27,20.0,8.7,37.6,False,4
"Shields, James",2018,34,17.7,8.3,35.6,False,12
"Shoemaker, Matt",2015,24,20.4,6.0,34.5,False,3
"Shoemaker, Matt",2016,18,21.4,7.0,35.0,True,2
"Simon, Alfredo",2015,24,14.3,6.1,39.1,False,7
"Singer, Brady",2020,8,23.2,4.5,40.1,False,0
"Singer, Brady",2021,14,22.4,5.6,37.6,False,11
"Singer, Brady",2022,18,24.2,8.2,40.9,False,3
"Singer, Brady",2023,20,18.9,7.8,48.6,False,4
"Skaggs, Tyler",2018,14,24.2,6.1,38.7,True,4
"Skubal, Tarik",2021,35,25.9,13.9,45.1,False,4
"Smith, Caleb",2019,33,26.0,10.9,35.9,False,5
"Smyly, Drew",2016,32,22.6,6.7,31.0,False,8
"Smyly, Drew",2019,32,23.3,9.8,38.6,False,4
"Smyly, Drew",2021,27,21.4,10.1,39.0,False,6
"Smyly, Drew",2023,26,22.5,7.3,33.6,False,10
"Snell, Blake",2017,15,21.8,4.3,30.0,True,7
"Snell, Blake",2018,16,31.6,7.2,32.7,False,3
"Snell, Blake",2020,10,31.0,9.8,36.9,False,1
"Snell, Blake",2021,16,30.9,11.0,41.2,False,1
"Snell, Blake",2022,11,32.0,7.4,39.5,True,3
"Snell, Blake",2023,15,31.5,7.4,33.8,False,2
"Soroka, Michael",2019,14,20.3,5.1,37.5,False,4
"Sparkman, Glenn",2019,30,13.4,7.7,41.8,False,5
"Springs, Jeffrey",2022,14,26.2,5.9,37.7,False,5
"Steele, Justin",2022,8,24.6,3.9,33.7,True,11
"Steele, Justin",2023,14,24.6,5.4,36.6,False,12
"Straily, Dan",2016,31,20.5,7.5,35.0,False,0
"Straily, Dan",2017,31,22.1,6.9,29.2,False,4
"Straily, Dan",2018,20,19.1,7.5,41.4,False,6
"Strasburg, Stephen",2015,14,29.6,4.4,33.3,False,7
"Strasburg, Stephen",2016,15,30.6,6.0,33.6,False,0
"Strasburg, Stephen",2017,13,29.1,6.1,32.0,False,6
"Strasburg, Stephen",2018,18,28.7,7.3,38.9,False,5
"Strasburg, Stephen",2019,24,29.8,6.1,33.8,False,2
"Stratton, Chris",2018,19,17.9,7.0,38.8,False,5
"Strider, Spencer",2022,7,38.3,6.1,36.0,False,3
"Strider, Spencer",2023,22,36.8,8.2,36.1,False,5
"Stripling, Ross",2018,18,27.0,5.8,31.7,True,1
"Stripling, Ross",2020,13,18.2,10.6,39.1,False,5
"Stripling, Ross",2022,12,20.7,9.2,37.2,False,4
"Stroman, Marcus",2016,21,19.4,4.9,41.9,False,5
"Stroman, Marcus",2017,21,19.7,5.0,38.6,False,13
"Stroman, Marcus",2019,18,20.5,4.1,35.6,True,11
"Stroman, Marcus",2021,17,21.7,6.5,42.0,True,10
"Stroman, Marcus",2022,16,20.9,6.6,40.7,True,7
"Stroman, Marcus",2023,9,20.7,5.0,41.4,True,8
"Suárez, Andrew",2018,23,19.5,7.6,38.1,False,5
"Suárez, Ranger",2022,15,19.5,6.8,34.9,False,11
"Suárez, Ranger",2023,13,22.0,7.5,36.1,False,1
"Syndergaard, Noah",2015,19,27.5,5.0,28.0,True,6
"Syndergaard, Noah",2016,11,29.3,3.5,31.8,False,8
"Syndergaard, Noah",2018,9,24.1,2.0,26.6,False,3
"Syndergaard, Noah",2019,24,24.5,4.9,31.2,False,7
"Syndergaard, Noah",2022,14,16.8,7.8,34.0,True,3
"Sánchez, Aníbal",2015,29,20.9,6.1,31.1,False,2
"Sánchez, Aníbal",2016,30,20.2,6.1,35.2,False,8
"Sánchez, Aníbal",2018,15,24.4,5.1,26.3,True,5
"Sánchez, Aníbal",2019,22,18.8,6.6,28.3,False,6
"Sánchez, Aníbal",2020,11,17.6,9.4,37.6,False,1
"Taillon, Jameson",2017,11,21.3,4.1,31.2,False,3
"Taillon, Jameson",2018,20,22.8,4.3,31.9,False,1
"Taillon, Jameson",2021,24,23.2,8.2,40.4,False,4
"Taillon, Jameson",2022,26,20.7,8.3,36.2,False,1
"Taillon, Jameson",2023,27,21.4,10.7,38.4,False,13
"Tanaka, Masahiro",2015,25,22.9,7.7,36.7,False,6
"Tanaka, Masahiro",2016,22,20.5,4.3,36.3,False,7
"Tanaka, Masahiro",2017,35,25.8,8.6,36.2,False,6
"Tanaka, Masahiro",2018,25,25.0,7.1,38.1,False,3
"Tanaka, Masahiro",2019,28,19.6,6.2,37.9,False,5
"Tanaka, Masahiro",2020,9,22.3,9.1,37.1,True,6
"Teheran, Julio",2015,27,20.3,5.1,36.6,False,9
"Teheran, Julio",2016,22,22.0,6.5,33.6,True,3
"Teheran, Julio",2017,31,18.6,6.4,30.5,False,9
"Teheran, Julio",2018,26,22.4,7.2,36.7,True,3
"Teheran, Julio",2019,22,21.5,6.9,35.4,True,7
"Thompson, Zach",2022,19,16.6,6.4,39.6,False,6
"Thornton, Trent",2019,24,22.0,7.4,37.0,False,4
"Tillman, Chris",2015,20,16.2,5.1,32.3,False,1
"Tillman, Chris",2016,19,19.6,7.8,35.3,False,1
"Tomlin, Josh",2016,36,16.3,7.2,32.2,False,12
"Tomlin, Josh",2017,23,18.6,7.0,36.6,False,2
"Turnbull, Spencer",2019,14,22.3,6.7,40.7,False,10
"Turnbull, Spencer",2020,2,21.1,6.3,43.8,True,0
"Ureña, José",2017,26,15.6,8.6,30.9,False,5
"Ureña, José",2018,19,18.3,6.2,36.2,True,1
"Urquidy, José",2022,29,19.7,9.4,40.8,False,2
"Urías, Julio",2020,5,20.1,5.0,28.6,False,0
"Urías, Julio",2021,19,26.2,5.3,30.3,False,6
"Urías, Julio",2022,23,24.1,6.7,30.4,False,9
"Valdez, Framber",2020,5,26.4,7.9,48.7,False,4
"Valdez, Framber",2021,12,21.9,5.8,44.4,False,5
"Valdez, Framber",2022,11,23.5,5.8,41.6,False,8
"Valdez, Framber",2023,19,24.8,8.0,45.6,True,10
"Vargas, Jason",2017,27,17.7,5.5,32.7,False,1
"Vargas, Jason",2019,21,19.1,7.9,33.8,False,9
"Velasquez, Vince",2016,21,27.6,7.9,34.0,False,4
"Velasquez, Vince",2018,16,25.6,5.2,34.8,False,4
"Velasquez, Vince",2019,26,25.2,10.2,40.1,False,5
"Ventura, Yordano",2015,14,22.5,5.3,31.9,False,1
"Ventura, Yordano",2016,23,17.6,7.8,38.4,False,4
"Verlander, Justin",2015,13,21.1,4.1,27.6,True,6
"Verlander, Justin",2016,30,28.1,7.5,32.9,False,4
"Verlander, Justin",2017,27,25.8,7.2,35.6,False,3
"Verlander, Justin",2018,28,34.8,6.2,32.7,False,3
"Verlander, Justin",2019,36,35.4,7.2,33.3,False,2
"Verlander, Justin",2022,12,27.8,6.3,34.8,False,9
"Verlander, Justin",2023,18,21.5,8.2,41.3,False,5
"Vogelsong, Ryan",2015,17,18.1,8.2,36.1,False,6
"Volquez, Edinson",2015,16,18.2,5.9,33.5,False,10
"Volquez, Edinson",2016,23,16.3,6.3,35.5,False,11
"Voth, Austin",2020,14,19.6,9.4,43.4,False,1
"Wacha, Michael",2015,19,20.1,4.8,33.4,False,6
"Wacha, Michael",2016,15,18.8,6.1,34.1,False,8
"Wacha, Michael",2017,17,22.5,5.6,30.1,False,6
"Wacha, Michael",2019,26,18.5,7.8,35.5,False,4
"Wacha, Michael",2021,23,22.9,10.5,43.0,False,3
"Wacha, Michael",2022,18,20.2,9.6,35.4,False,2
"Wacha, Michael",2023,15,22.4,7.3,35.5,False,1
"Wainwright, Adam",2016,22,19.0,5.9,30.2,False,6
"Wainwright, Adam",2017,14,17.6,4.3,33.8,False,3
"Wainwright, Adam",2019,22,20.5,6.5,39.2,False,3
"Wainwright, Adam",2020,9,20.6,6.3,36.6,False,2
"Wainwright, Adam",2021,21,21.0,6.2,35.6,False,2
"Wainwright, Adam",2022,16,17.8,6.5,36.6,True,1
"Waldichuk, Ken",2023,24,20.7,7.7,38.5,False,9
"Walker, Taijuan",2015,25,22.3,7.6,33.8,False,6
"Walker, Taijuan",2016,27,20.8,9.0,36.7,False,12
"Walker, Taijuan",2017,17,21.4,5.1,34.5,True,15
"Walker, Taijuan",2020,8,22.2,7.2,32.9,True,7
"Walker, Taijuan",2021,26,22.3,10.0,39.4,False,5
"Walker, Taijuan",2022,15,20.3,7.3,40.6,False,2
"Walker, Taijuan",2023,20,18.8,6.8,40.9,False,3
"Warren, Adam",2015,10,19.5,3.1,30.2,True,3
"Weaver, Jered",2015,24,13.5,6.2,28.5,False,2
"Weaver, Jered",2016,37,13.4,7.4,32.1,False,6
"Weaver, Luke",2018,19,19.9,6.3,35.0,False,8
"Weaver, Luke",2020,10,23.3,9.3,42.0,False,1
"Weaver, Luke",2023,29,19.4,9.8,42.0,False,2
"Webb, Logan",2020,4,18.7,5.4,40.1,False,5
"Webb, Logan",2021,9,26.5,5.6,38.8,False,3
"Webb, Logan",2022,11,20.7,5.5,39.0,False,14
"Webb, Logan",2023,20,22.8,6.9,46.0,True,5
"Wheeler, Zack",2018,14,24.1,4.8,27.1,False,2
"Wheeler, Zack",2019,22,23.6,5.3,32.4,False,7
"Wheeler, Zack",2020,3,18.4,3.8,34.0,False,3
"Wheeler, Zack",2021,16,29.1,4.6,28.5,False,6
"Wheeler, Zack",2022,13,26.9,7.7,34.5,False,4
"Wheeler, Zack",2023,20,26.9,5.1,36.4,False,5
"Williams, Jerome",2015,22,13.4,6.6,37.0,False,5
"Williams, Trevor",2017,14,18.2,5.2,29.4,False,5
"Williams, Trevor",2018,15,18.0,5.8,31.0,False,5
"Williams, Trevor",2019,27,17.8,8.3,35.6,False,6
"Williams, Trevor",2020,15,19.4,6.7,36.0,False,4
"Williams, Trevor",2023,34,16.9,10.2,38.6,False,8
"Wilson, Bryse",2022,20,15.5,7.7,43.8,False,9
"Wilson, C.J.",2015,13,19.9,5.2,41.9,True,2
"Wisler, Matt",2016,26,17.1,6.4,36.8,False,3
"Wood, Alex",2015,15,17.4,4.3,32.7,True,5
"Wood, Alex",2017,15,24.6,5.0,28.0,False,4
"Wood, Alex",2018,14,21.2,4.6,33.7,True,8
"Wood, Alex",2021,14,26.0,5.3,40.5,False,4
"Wood, Alex",2022,17,23.6,7.1,39.8,False,4
"Woodruff, Brandon",2020,9,31.1,7.2,33.9,True,1
"Woodruff, Brandon",2021,18,29.8,5.8,32.7,True,3
"Woodruff, Brandon",2022,18,30.6,7.1,37.5,False,4
"Wright, Kyle",2022,19,23.6,6.8,41.1,False,3
"Wright, Steven",2016,12,19.4,3.0,26.7,False,16
"Yarbrough, Ryan",2018,18,20.4,6.3,26.9,False,6
"Yarbrough, Ryan",2019,15,20.8,7.0,26.2,False,4
"Yarbrough, Ryan",2020,5,18.8,5.8,25.1,True,0
"Yarbrough, Ryan",2021,25,17.9,7.8,28.2,False,8
"Young, Alex",2020,11,19.1,12.7,40.7,False,2
"Zimmermann, Jordan",2015,24,19.7,4.2,32.9,True,7
"Zimmermann, Jordan",2017,29,14.4,7.7,35.4,False,3
"Zimmermann, Jordan",2018,28,20.0,9.6,38.4,False,10
"Zimmermann, Jordan",2019,19,16.3,9.5,38.4,False,3
"deGrom, Jacob",2015,16,27.3,4.0,29.6,False,5
"deGrom, Jacob",2016,15,23.7,6.4,31.8,True,3
"deGrom, Jacob",2017,28,28.9,5.9,28.8,False,8
"deGrom, Jacob",2018,10,32.2,4.1,28.9,True,7
"deGrom, Jacob",2019,19,31.7,4.8,30.8,False,4
"deGrom, Jacob",2020,7,38.8,9.6,33.6,False,3
